Reference,Qty,Description,Value or model,Footprint or connection,Status,Notes
U2,1,Wi-Fi/BLE microcontroller module,ESP32-C3 SuperMini,ESP32-C3_SUPERMINI_TH:MODULE_ESP32-C3_SUPERMINI_TH,Required,Current module USB port remains the programming interface
TFT1,1,1.28-inch round SPI TFT display,GC9A01 240x240,1x7 2.54 mm header,Required,Confirm the purchased module pin order and physical outline
SHT40,1,Temperature and humidity breakout,SHT40 module,1x4 2.54 mm header,Required,Front-side module
SCD40,1,Photoacoustic CO2 breakout,SCD40 module,1x4 2.54 mm header,Optional,Back-side module; SCD41 is generally pin-compatible but firmware settings may differ
SGP41,1,VOC and NOx breakout,SGP41 module,1x5 2.54 mm header,Required,Use 3.3 V compatible breakout
SPS30,1,Particulate-matter sensor,Sensirion SPS30,1x5 2.54 mm header,Required,Confirm cable pin order against the sensor datasheet
BZ1,1,Passive piezo buzzer,12 mm diameter 7.6 mm lead spacing,Buzzer_Beeper:Buzzer_12x9.5RM7.6,Required,Mounted on back; use passive piezo suitable for 3.3 V drive
SW1 SW2 SW3 SW4,4,Momentary push button,Cherry MX compatible,SW_Cherry_MX_1.00u_PCB,Required,Up Down Select Back
R1,1,Through-hole resistor,10 kOhm 1/4 W,DIN0207 7.62 mm pitch,Required,GPIO2 boot pull-up
JP1,1,Insulated wire link,12.70 mm pitch,Wire_Link_P12.70mm,Required,Install insulated jumper wire
H1 H2,2,M3 mounting hole,3.2 mm drill,MountingHole_3.2mm_M3,Required,Use enclosure-compatible hardware
J_USB,1,Board-mounted USB-C power receptacle,GCT USB4125-03-C,Connector_USB:USB_C_Receptacle_GCT_USB4125-xx-x_6P_TopMnt_Horizontal,Required,Rear side at lower PCB edge; power-only connector without D+ or D- contacts
R_CC1 R_CC2,2,USB-C CC pull-down resistor,5.1 kOhm 1%,Resistor_SMD:R_0805_2012Metric,Required,One resistor from each CC pin to GND
SW-PWR,1,Illuminated latching power switch,16 mm push-on push-off switch with 3-6 V LED ring,PCB J_PWR pads 2 3 4,Required,COM to pad 2; NO and LED+ to pad 3; LED- to pad 4; verify terminal pinout
J_PWR,1,USB and latching-switch wiring header,1x04 2.54 mm through-hole,Back side near lower edge,Required,Pad 1 raw USB VBUS; pad 2 switch COM; pad 3 switch NO and LED+; pad 4 GND and LED-
PCB,1,Two-layer printed circuit board,70 x 100 mm 8 mm corner radius,Project Gerbers,Required,Prototype may be CNC milled or fabricated
ENC1,1,Printed enclosure,V.2.3mf,FDM printed,Required,Verify port and display alignment with a physical test print
